rxcui,atc_prod
202834,A07EC
202994,L01AA
203182,N05BB
203423,C08CA
203441,R01AC
203600,M04AA
204213,B02AB
657710,XXXX
202479,N05BA
616739,N04BC
405155,B01AA
2168766,XXXX
8536,S01CA
8701,N01BA
8704,N05AB
1310910,XXXX
8896,R05DA
8987,J04AK
9004,XXXX
9386,J05AC
9639,N04BD
9771,A11JC
9853,XXXX
860189,M03AX
891137,S01KA
1545043,XXXX
90540,XXXX
83515,C09CA
904507,V01AA
1535922,L01FG
281,J05AB
641,J01GB
733,J01CA
1111,XXXX
1151,A11JC
1588,B03AE
1712,M03AX
1362694,XXXX
1908,A12AA
1485048,XXXX
1095698,N02BF
352654,N06BA
353098,N07XX
358263,G04BE
353484,L04AB
354770,L04AG
356778,C01EB
356884,G04BE
1876381,L04AG
1309747,XXXX
61148,H01AC
1546447,XXXX
1745099,L04AC
1315124,XXXX
1370621,XXXX
1872251,L04AC
6606,D11AC
6719,N06DX
6835,H03BB
6837,B05BA
6873,A06AC
6876,C02AB
6980,J01AA
6984,C02DC
7067,XXXX
7076,XXXX
7240,J01MB
7242,N07BC
7396,C08CA
1311629,XXXX
7405,B03AE
7407,N07BA
7421,P01CC
7486,N01AX
7512,C01CA
7517,J01MA
7773,J01CF
2289011,XXXX
1426390,XXXX
7966,N06BA
8004,N05CA
1441403,L01BA
174742,B01AC
324026,R06AX
325646,C09XA
337535,L04AX
340705,XXXX
1008820,XXXX
253337,L01FG
121191,L01FA
1940636,XXXX
115264,M05BA
216731,D05AX
217944,D02AX
217956,D01AE
218248,N02CC
221062,B01AB
1151122,XXXX
720825,G04CA
1788946,XXXX
346164,XXXX
495881,L01EX
1364468,A16AX
2054252,A16AX
1544933,XXXX
72610,A10BG
72625,N06AX
1607975,B03AC
142431,G03GB
134547,L01AA
135779,L03AX
1599832,B06AC
141366,N02CC
1490053,C01CA
1665896,C10AX
1792776,L01FF
9919,XXXX
10114,L01AD
10154,M03AB
10180,J01EE
10318,N06DA
10323,XXXX
10324,L02BA
10737,N06AX
10795,D08AE
10798,A16AX
10898,B05BA
10991,XXXX
11115,B05BA
11248,B03BA
11289,B01AA
1534770,XXXX
1375949,R06AA
196457,H01CB
196502,N03AX
805452,B02BX
795082,L04AB
1426853,XXXX
235473,XXXX
1597258,L01FX
1599544,B01AF
27748,XXXX
28728,XXXX
29561,J01DH
30236,N02AA
32592,L01XA
35400,B03AE
35607,D11AC
37925,A08AB
40048,L01XA
645109,A10BA
662281,L01EA
1092437,L04AG
583099,N06DA
285056,N05AB
285228,XXXX
151578,A02BB
151612,N06BA
153010,M01AE
153165,C10AA
152322,A03AB
596702,J07AH
3966,R05CA
4328,N03AX
1370467,XXXX
1310123,XXXX
4488,L01BC
1310124,V09HX
4648,XXXX
1311190,XXXX
1372539,XXXX
4249,B02BD
4257,B02BD
2177,J01DB
2180,J01DB
2388,XXXX
2404,A10BB
2473,M01AX
2541,A02BA
2596,G03GB
2599,C02AC
1811178,XXXX
2714,A11GB
3002,L01AA
3008,L04AD
3100,L01DA
3446,XXXX
3538,R01AC
3541,C01BA
3628,C01CA
3637,R07AB
384379,XXXX
41127,C10AA
42316,L04AD
1375924,XXXX
47579,N04BC
51499,L01CE
52356,A11JB
52582,A07EC
40254,N03AG
40968,M01AB
42955,C01EX
261514,N07AX
262418,C09AA
265323,XXXX
1037046,B01AE
1429044,XXXX
1313233,XXXX
17611,XXXX
19884,G01AF
20493,XXXX
20610,R06AE
21949,M03BX
24698,L01BB
25689,A02AF
12488,G03DA
58827,N06AB
58927,C08CA
58930,R06AE
1927286,L04AB
60307,N04BX
82000,A06AA
714438,L01EX
314896,XXXX
316968,XXXX
316984,XXXX
2586068,J05AX
105694,B03XA
68092,H01CB
1427211,XXXX
2167553,XXXX
5486,XXXX
5487,C09DX
5653,S01AD
1426454,XXXX
5666,J06BA
2463933,XXXX
1483575,XXXX
6038,J04AC
797541,D08AX
1311375,XXXX
6313,V03AF
6448,N05AN
202740,N03AB
203012,M01AE
203576,R06AX
642274,D06AX
202384,R06AB
202462,P01BA
202488,M01AE
202559,L04AX
1242999,L01EK
641465,N06BA
404854,D10BA
8152,A08AA
8328,S01EB
8331,N05AG
8463,D06BB
8565,C03AA
8640,H02AB
8998,G04BX
9000,N07AA
9344,J05AP
9384,J04AB
1316076,XXXX
9778,XXXX
9143,A02BA
91344,XXXX
91818,R06AE
92170,A06AC
83929,XXXX
84108,A10BG
88249,R03DC
149,C07AB
376,H01AA
1311061,XXXX
596,N05BA
632,L01DC
743,A09AA
1256,L04AX
1311295,XXXX
1362901,XXXX
1114112,XXXX
352401,R06AX
358257,C03XA
358274,C02KX
357977,L01EX
62356,XXXX
62400,B03AE
61381,N05AH
56946,L01CD
57258,M03BX
1307304,L02BB
1307625,L01EA
1357542,L04AF
1659152,C10AX
1657018,XXXX
6623,XXXX
6672,P02CA
6676,R06AE
6759,N01BB
6854,D05BA
6922,P01AB
6932,D01AC
7005,L01DB
1360621,XXXX
7417,C08CA
7704,XXXX
1311279,XXXX
8013,C04AD
183379,N06DA
1798365,A05AA
226918,A08AB
231049,N02CC
321952,D11AH
253341,XXXX
214342,V03AE
214468,XXXX
215927,M01AH
215928,N06AB
218351,H05BA
220672,R06AA
224905,L01FD
484259,N02AJ
1303098,R03BB
1101333,N02BF
892565,V01AA
1427158,XXXX
72143,G03XC
72302,N04BC
258326,XXXX
282519,N05BB
134615,S01EC
1363268,L01EX
1716203,V03AE
9899,N07XX
9913,C05BB
10378,XXXX
10395,A02BD
10402,A04AD
1311633,XXXX
10459,XXXX
10493,N01AF
10579,XXXX
10637,D01AE
10689,N02AX
10691,B02AA
10757,XXXX
2534464,XXXX
10869,S01FA
11131,XXXX
11194,S01AD
11253,XXXX
11256,A11HA
11377,XXXX
1373484,L04AX
1426876,G03AC
196472,C09AA
196474,J01FA
1039062,XXXX
825422,B02BX
1546424,XXXX
1592743,L01EX
26744,J06BB
27169,L04AK
28439,N03AX
29998,XXXX
1311391,XXXX
1921877,N07XX
34296,A12BA
35605,XXXX
37617,J01DI
38400,N06BA
38782,L02AE
39937,B05BB
39993,N05CF
643170,L01EA
284870,M02AA
285219,XXXX
285241,XXXX
151390,R03BB
477639,G04BE
152951,N04BC
1372004,XXXX
152318,N05AX
152402,A02BA
1318915,XXXX
4025,N02CA
4053,J01FA
4109,C03CC
4171,N01BB
4179,L01CB
4230,XXXX
4337,N02AB
4419,XXXX
4462,D07AC
4492,L01BC
1925821,XXXX
4582,XXXX
4626,XXXX
4850,V06DC
4919,B05BA
5032,R05FA
2019,N04BA
2037,XXXX
2133,XXXX
2191,J01DD
2193,J01DD
2393,P01BA
2403,N05AA
2525,XXXX
2551,S01AE
2567,XXXX
214461,XXXX
2913,XXXX
3001,S01FA
3013,R06AX
3041,L01BC
3081,H03AA
1372540,XXXX
3154,J01AA
3251,H01BA
3304,N07BC
3361,A03AA
3455,G04BX
3554,N07BB
392458,XXXX
42319,A02BA
42372,D06AX
42386,XXXX
1322778,XXXX
42643,N02CA
46307,A01AD
52175,C09CA
56512,V03AE
1490027,C01CA
1426866,XXXX
40144,H03AA
43611,S01EE
55672,J04AB
261563,A03AE
261702,XXXX
2107310,A06AX
1245091,D11AC
2045628,N02CD
17804,D01AE
18469,J01MA
18989,D01AE
18994,P01CA
19596,XXXX
19711,J01CR
20178,XXXX
1366924,XXXX
21183,N02BA
22299,J01XX
1362686,XXXX
25138,S01JA
461016,N05CF
475342,L01EA
60212,P01AX
1721264,L01XL
1053143,S01XA
1147320,L01FX
1599538,B01AF
1430438,L01EB
317678,XXXX
104125,XXXX
113374,XXXX
68149,L04AA
69120,R03BB
69627,XXXX
1318479,XXXX
1483316,D08AX
5781,M01AB
5920,B03AE
6048,J05AX
6058,C01DA
6064,D10BA
6135,D01AC
6142,M01AE
1363435,XXXX
6373,G03AA
6585,A06AD
202585,N03AE
1293264,XXXX
202886,L02AB
202908,R03AC
202941,C02AC
202961,A06AB
203159,R03AC
203190,XXXX
203281,B03XA
203490,C08DA
202363,N05BA
202472,N05BA
78484,B01AB
8113,XXXX
8351,N06BX
8591,B05BA
8597,R05CA
8754,C01BC
8761,A03AB
8782,N01AX
8783,XXXX
8814,B01AC
1441688,B02BD
8886,N06AA
9061,P01AX
2268087,XXXX
1744460,XXXX
1482546,XXXX
9394,XXXX
9522,XXXX
9624,N05CB
90176,XXXX
1306065,XXXX
84375,L03AX
1441651,XXXX
1300486,B02BD
901199,V01AA
974779,L01FA
2387302,N07XX
195,XXXX
318,XXXX
1312358,XXXX
689,R03DA
732,D01AE
784,XXXX
1311524,XXXX
1595882,XXXX
1292,M03BX
1399,R02AD
1426,A01AD
1815,N01BB
1827,N05BE
1897,A12AX
1903,XXXX
352372,N06BA
356767,R03DX
1310526,L04AK
1546446,XXXX
6691,L02AB
6760,N05BC
6818,XXXX
6878,G04BX
1311537,XXXX
6923,V04CD
1307820,XXXX
1492936,XXXX
7222,XXXX
7268,S01AA
7597,D07CB
7617,H01CB
7676,A07DA
7806,V03AN
7812,R01AA
7934,A07AA
190376,J01XX
191831,L04AB
196319,V03AF
1546277,XXXX
306865,D11AH
227546,XXXX
1665509,G02CX
228783,N02CC
228790,G04CB
337623,R05CB
322167,G04BD
327148,R03AK
1798288,A05AA
342369,L04AX
114265,M05BA
118886,S01LA
214553,XXXX
214709,XXXX
214791,XXXX
215247,D02AX
218756,XXXX
218986,N02AA
219397,C10AC
220144,XXXX
220778,C08DA
221147,A06AD
220372,N05CM
686430,A07EC
692792,XXXX
1731015,N03AX
492635,L04AG
848161,L04AB
1291301,G04BE
853351,L04AC
892584,V01AA
72236,N03AB
1148138,B06AC
72965,L02BG
73494,C09CA
73645,J05AB
77655,M05BA
746839,XXXX
614391,L04AA
603159,N05CH
282388,L01EA
142442,M01AE
142445,R01BA
140587,M01AH
124323,XXXX
751628,A16AX
1667643,XXXX
9939,XXXX
9947,C07AA
9997,C03DA
10109,J01GA
10167,J01CR
2571856,XXXX
1311384,XXXX
10355,N05CD
10432,L04AX
1368871,XXXX
10565,XXXX
10635,A10BB
10652,XXXX
10773,XXXX
10958,XXXX
11065,A05AA
1668221,XXXX
2199220,XXXX
11118,N03AG
11124,J01XA
11198,L01CA
11202,L01CA
407990,H05BX
235481,XXXX
236439,XXXX
588003,M01AG
1596450,J01GB
1593734,H01BA
232158,M01AH
234416,V03AE
1999411,XXXX
31555,C07AB
32675,G04BD
33094,A03AX
33219,D02AX
34693,S01XA
35255,A03FA
35636,N05AX
35780,N01BB
746741,N04BC
36709,B05BA
37801,D01AE
37864,G03BA
37935,S01GA
38413,C03CA
38668,H02CA
1368374,XXXX
1318501,XXXX
40138,B01AC
284799,A02BC
1370469,XXXX
299081,P03AX
151672,A06AB
151944,A06AC
1092413,R06AA
152523,A02BA
1364429,XXXX
155152,XXXX
594111,N06BA
593411,A10BD
593441,N02BF
4083,G03FA
1314364,XXXX
4388,XXXX
4450,J02AC
4457,V03AB
4496,N05AB
4537,B03AE
4885,A16AA
4910,A06AX
4955,A03AB
2002,N03AF
2221,XXXX
2348,J01BA
2409,C09DA
2420,XXXX
2555,L01XA
2556,N06AB
2592,J04BA
2594,XXXX
2598,N03AE
3022,S01XA
3327,V03AH
3616,C01CA
1546415,XXXX
1539753,D01AC
42355,N06AB
42527,XXXX
42568,N06AX
42612,R01AC
42682,M05BA
52769,C01CE
56466,G04BC
1539902,G03BA
44281,N07AX
46041,M05BA
49334,XXXX
1649574,XXXX
261624,A02BC
261657,J05AH
274786,J01FA
278739,H01AX
1370783,XXXX
2058846,N02CD
16728,G04BX
17300,G04CA
18602,D10AX
19478,A07BB
20481,J01DE
21107,B01AC
21212,J01FA
24902,V03AB
25255,R03AK
25544,V09HX
15226,V03AB
1358955,XXXX
1358966,XXXX
1737729,XXXX
59943,D06BB
60223,D10AD
81992,XXXX
82041,R06AE
82122,J01MA
83171,J05AB
316989,XXXX
316992,XXXX
1151133,XXXX
2053490,N07XX
108118,D07XC
1366027,XXXX
1314279,XXXX
70727,XXXX
68446,L01BA
69722,J05AH
5333,M02AX
5499,A01AB
5775,XXXX
1311224,XXXX
6084,XXXX
6185,C07AG
6205,A07FA
6468,A07DA
202724,M01CC
202795,D10BA
202816,L04AD
202877,D07AB
202959,N07AX
203333,C10AA
203354,N02AA
203365,M01AB
203457,R06AA
203546,N05AB
204300,J06BB
659476,XXXX
202399,M01AE
1012892,L04AE
735381,L03AX
402499,XXXX
405336,H01BA
8091,D02AC
8134,A03CB
8214,D05AA
8217,XXXX
8570,S01XA
8700,C01BA
8727,G03DA
8826,XXXX
1310913,XXXX
8948,V04CF
8991,D11AC
9346,B03AE
9504,A16AA
9524,A07EC
9525,D02AF
2606543,XXXX
9789,D08AL
1311386,XXXX
1007559,XXXX
1043560,XXXX
861612,C10AA
1011049,XXXX
1011017,XXXX
91235,XXXX
828529,B05AA
87636,R06AX
66869,A06AB
66981,XXXX
1427212,XXXX
899476,V01AA
901515,J07AH
1538097,L04AG
74,A11HA
94,N05CX
168,G01AC
272,A07BA
435,R03AC
1310568,XXXX
569,L01XX
598,G04BE
1311504,XXXX
703,C01BD
1009,B01AB
1098,XXXX
1418,D10AE
1540,XXXX
1622,L01DC
1694,R06AE
1705,A11JB
1426882,XXXX
1808,C03CA
1813,S01ED
1901,B05BA
1099021,R05CA
352374,B01AD
993453,M05BX
356739,R03BA
1193326,L01EJ
1356689,L01XX
1364436,B01AF
1665684,C10AX
6711,N05CX
1311098,XXXX
6802,A06AC
6857,N02BG
6901,N06BA
6926,C01BB
6960,N05CD
6972,A06AA
7004,L01XX
7052,N02AA
1426911,XXXX
7243,N07BB
7456,V03AN
7538,XXXX
1427222,H05AA
7980,J01CE
8011,L01XX
8016,A09AC
1432510,D02AB
190353,XXXX
194000,L01BC
306674,G04BE
225807,N06DA
319780,XXXX
324042,C03EA
321064,C09DX
321208,B01AX
342280,C03DA
826072,B02BD
1923319,L04AC
1491862,XXXX
121243,J02AC
1946584,R01AD
1986826,J07BK
117055,L04AG
214444,R05DA
214555,L04AB
214837,A16AX
215051,R01AA
1052951,D02AC
215855,D02AX
217713,N02CC
798166,N01BA
219484,N06BA
220141,J06BD
225244,L01XD
692970,V03AN
709271,L04AB
834236,M04AA
848763,XXXX
1425099,L01EE
72031,XXXX
72962,L01CD
1484283,V03AE
1307404,A06AX
1426165,B02BD
283838,B03XA
612865,L04AC
1311139,XXXX
9945,V04CC
1363917,XXXX
1362879,XXXX
10245,XXXX
10390,N07XX
10524,B05BA
10591,J01CA
10594,B01AC
10612,P01AB
10761,D07AB
10763,C03DB
10803,L01BC
10825,R06AD
11002,D02AE
1427088,XXXX
11246,A11JA
1316080,XXXX
11473,M05BA
1543173,D01AE
1430123,N06AB
196496,A07EC
196501,N07XX
196503,C10AA
809864,B06AC
236344,XXXX
237057,XXXX
1988648,J05AX
1597095,J07BM
27244,XXXX
28874,A07DA
28889,R06AX
29365,D05AX
30077,XXXX
1494066,P01CX
31738,XXXX
32485,D04AB
32624,N03AF
33738,A10BD
35382,D04AB
1362931,XXXX
36117,R03AK
36437,N06AB
36572,N04BA
835827,G03BA
38404,N03AX
647295,R03AC
284900,L01BA
285193,XXXX
287523,J07AL
301542,C10AA
302379,R03DX
151414,R01AD
727341,C01CA
153889,R03DC
155046,G04BX
155122,XXXX
151890,C07AA
152371,R06AA
153442,N02CC
165516,H02AA
1728769,XXXX
1730435,XXXX
3992,N01BB
350202,XXXX
4186,XXXX
4452,H02AA
4603,C03CA
4716,XXXX
4845,M01AX
4917,C05AE
4262,B02BD
4271,B02BD
619985,L01EX
1963,XXXX
1998,C09BA
2015,J01CA
2017,A02BX
2062,S01XA
2106,XXXX
2346,L01AA
2378,XXXX
2626,N05AH
2683,M04AC
1432987,XXXX
1668274,XXXX
3102,G03XA
3105,M03CA
3129,XXXX
3288,N06BA
3322,N05BA
3364,J05AF
3521,B01AC
3642,N02BE
42347,N06AX
46241,D10AX
1305651,XXXX
48203,J01CR
50937,XXXX
1309680,XXXX
44157,L01BB
49247,C01BD
49276,C02CA
53654,J05AG
260101,J05AH
262485,L02BG
596724,L01XX
18603,R01AD
19257,N07AB
19476,XXXX
19666,XXXX
20974,N02BA
21116,XXXX
1311278,XXXX
21373,B03BA
25037,J01DD
26143,XXXX
26344,XXXX
5542,G03DA
687620,A06AC
1364430,B01AF
711942,B02BX
1092441,L04AG
82819,N07BB
316987,XXXX
1315115,XXXX
106332,XXXX
68099,J05AB
68244,J05AF
5470,C02DB
5497,XXXX
5553,N05BB
5690,XXXX
1367185,XXXX
1491870,XXXX
6308,B05BA
6406,A09AA
6446,XXXX
6574,XXXX
2056691,N02CD
202582,C10AC
203219,XXXX
203279,M03AX
203344,C07AB
204346,R01AA
629565,A16AB
8375,XXXX
202421,B01AA
202433,N02BE
705009,M03BX
705872,M05BA
723805,L01EG
405206,N06DX
8175,R01BA
8332,C07AA
8366,XXXX
1358182,XXXX
8629,C02CA
8691,N03AA
8698,M04AB
9068,N07XX
9071,P01BC
1648419,XXXX
9100,N02BE
9230,A03FA
1491872,XXXX
9793,D06BA
9796,A02AF
9871,XXXX
858068,M04AC
889548,XXXX
91264,XXXX
91405,XXXX
67031,B01AB
99,B02AA
167,S01EC
178,XXXX
448,D08AX
519,M04AA
725,N06BA
1011,L04AA
1091,B05BA
1169,XXXX
1182,XXXX
1311067,XXXX
1310252,XXXX
1512,A11JC
1514,D07BC
1621,XXXX
1819,N07BC
1311287,XXXX
1114199,B01AF
352951,S01XA
358258,L01XG
1305661,XXXX
993345,P02CA
355460,L01FE
1424911,L01EC
1313336,XXXX
57230,XXXX
1312993,D11AF
1314236,XXXX
1364353,L01EA
58295,D04AA
6694,P01BC
6754,N02AB
1311634,XXXX
6816,N06BA
6920,XXXX
6963,C01CA
7906,XXXX
8047,N04BC
2121085,L04AE
304962,XXXX
305064,D08AE
225702,D11AX
228271,L03AB
337521,L01FG
322155,B01AX
1731031,M04AA
817400,XXXX
114052,XXXX
117466,XXXX
119565,G04BD
214824,V03AE
216462,M01CC
217010,G03XC
223779,G02BB
1799206,XXXX
1734628,XXXX
1734630,XXXX
1736038,N03AX
587318,XXXX
493191,J07BH
1086769,N06AX
1653781,A07DA
1538138,L04AG
892610,V01AA
73689,M04AA
1488293,B02BD
787390,N02AX
818288,XXXX
283753,XXXX
283821,V03AF
135446,N06DA
139778,A06AX
1599788,L04AC
2047628,V03AE
10046,XXXX
1363920,XXXX
1311281,XXXX
10156,A02BX
10171,J01EE
1305578,XXXX
10502,N05AC
10572,H03AA
10582,H03AA
1432991,XXXX
10800,N05AB
10827,N03AC
1426856,XXXX
10962,B05BA
11359,A11JB
1432993,XXXX
11423,D02AB
11636,G03AA
197117,V03AB
235743,A10BD
236982,XXXX
1310576,XXXX
1598264,A10BJ
27084,R05DA
28395,XXXX
28486,XXXX
1426330,XXXX
29787,M02AC
32915,H05AA
33562,J05AD
34311,XXXX
34345,V03AB
1989334,XXXX
39952,D11AC
39385,J06BB
644298,S01LA
1114326,R03AC
1114195,B01AF
683073,R01AD
680973,L04AJ
151325,L01AA
151666,R06AA
153020,G04BE
151871,L01XX
151972,C10AA
152633,L04AA
3755,V03AB
4110,J04AK
1368154,XXXX
1432988,XXXX
4570,A16AX
4637,N06DA
4847,M01AX
4890,XXXX
1364467,XXXX
2034,V03AN
2105,L01AD
2176,J01DC
2231,J01DB
1310122,XXXX
2438,XXXX
2578,R06AA
898492,M09AB
2623,D01AC
2670,R05DA
1314344,XXXX
2890,XXXX
3108,J04BA
3109,L01DB
3131,V03AC
3143,G03XX
3264,S01CA
3355,M01AB
3390,G03CB
3500,A07DA
1363918,XXXX
41126,R03AK
1311299,XXXX
48937,N05CM
50975,L02AE
54993,A11JB
56510,XXXX
1492733,L04AA
40575,XXXX
42954,A11JA
832067,C01BD
263010,XXXX
274403,H01AC
279645,N02CC
1427085,XXXX
1354504,XXXX
1362737,XXXX
16681,A10BF
19552,J01DC
19860,N02BE
1368145,XXXX
20859,N01BA
21766,XXXX
22054,XXXX
24460,C05BB
24605,M01AB
26506,XXXX
14448,V09IX
15202,B01AE
15842,XXXX
125933,XXXX
460392,H05BX
473837,J01XA
58939,D03BA
83367,C10BA
1364347,L01EA
314504,B02BD
1356151,XXXX
316958,XXXX
316966,XXXX
317002,XXXX
710303,N02AJ
102490,R05FA
70602,B05BA
69634,L03AA
5463,A11GB
1311095,XXXX
1311225,XXXX
6054,C01CA
6130,N01AX
6375,N04BA
6383,XXXX
6387,D04AB
6417,A16AX
202632,L01BC
202998,M01AB
203240,N02AA
203345,A02BC
203644,C09AA
203729,J01FA
203781,N07BA
631252,N06BA
82003,A11JC
616812,R03BA
1426465,XXXX
202398,C01BB
616274,L01EX
615205,A06AX
657797,L01EG
402316,A16AX
1044977,D11AC
1549540,XXXX
1311228,XXXX
8263,XXXX
8299,V03AB
8310,A11JC
8333,XXXX
8339,J01CR
8462,XXXX
8703,C10AB
8834,B02BD
684879,A11JC
1365969,XXXX
9641,XXXX
1311588,XXXX
891641,V01AA
89886,J06BB
1363703,XXXX
1544125,XXXX
798306,J07AM
94317,XXXX
88014,N02CC
89013,N05AX
66870,XXXX
1489913,C01CA
1490796,XXXX
194,S01EB
197,R05CB
535,B02AB
1433189,XXXX
644,C03DB
704,N06CA
1368624,XXXX
1356,XXXX
1596,A06AB
1828,L01AB
1848,XXXX
2619423,XXXX
1886,N02BA
1894,A11CC
1101108,R06AA
358330,N06BA
1008849,D02AF
356887,R06AE
1347560,XXXX
1313310,XXXX
57021,XXXX
1368451,A16AX
1442981,L01EL
6728,XXXX
6809,A10BD
6813,N07BC
2598120,XXXX
6832,J01XX
6911,N02CA
6915,A03FA
6995,L01DC
1600930,XXXX
7299,D07CA
7393,B03AE
7402,P02DA
7426,C08CA
7531,N06AA
1747300,XXXX
7646,B01AC
7670,XXXX
7762,XXXX
7824,H01BB
7975,M01CC
8001,N02AD
194279,J06BD
306266,J05AF
227743,A02BX
324072,D02AA
327361,L04AB
341248,C10BA
253151,XXXX
253172,XXXX
1944385,L02AE
114970,R03DC
114979,A02BC
115698,N05AE
215101,M01AE
216284,XXXX
220343,N03AX
224917,N06BA
225039,A16AX
1801836,S01XA
27291,S01XA
1876905,N07XX
495430,J05AR
75207,C02KX
539812,G04BD
614373,V03AC
134413,G04BX
134748,N04BD
1919083,L01EX
135092,R03DC
135447,N06DA
141704,L04AH
2360434,XXXX
725085,M03BX
10188,XXXX
10379,G03BA
10438,R03DA
10472,XXXX
10562,XXXX
10580,XXXX
10600,S01ED
10627,S01CA
328140,XXXX
10814,H03AA
10890,D02AX
10999,XXXX
11103,XXXX
1942960,XXXX
11251,XXXX
11416,XXXX
196463,L04AD
1372003,XXXX
809868,B06AC
236911,A11EX
1550941,M04AC
1592280,L04AX
1598078,J05AH
1594659,L04AG
28004,C01DA
28031,J02AC
1427058,XXXX
34822,B02BD
35465,J06BB
35619,A07AA
36567,C10AA
37418,N02CC
37798,G04CA
1999994,XXXX
1534764,XXXX
1310520,L04AK
2642870,XXXX
284700,A07EC
284913,XXXX
285245,XXXX
153239,R01AD
155043,G04BX
151827,A10BA
595060,S01LA
540404,N05CF
3827,C09AA
4018,A12AX
4301,XXXX
4316,C09BB
4493,N06AB
4530,XXXX
4550,J01XX
1310171,XXXX
4678,J05AB
4832,H04AA
1426910,XXXX
1373150,XXXX
5093,N05AD
1364504,J04AK
623033,A06AX
2045371,N03AX
2296,XXXX
2418,A11JB
2540,XXXX
2669,A11CB
2878,H02AB
3247,N06AA
3418,N02CA
3498,R06AA
1300488,B02BD
1248841,R01AD
42331,A02BB
42933,XXXX
56455,N06BC
1490662,G03BA
1539758,D01AC
49131,A07EC
1745104,L04AC
261602,XXXX
276237,J05AR
1243019,A10BD
1243041,R07AX
18330,L01XX
18631,J01FA
20791,D08AC
25025,G04CB
25033,J01DD
25480,N02BF
26225,A04AA
1921882,N07XX
13982,XXXX
2099276,XXXX
1307619,L01EA
1484911,J05AP
317808,XXXX
479172,XXXX
106212,D04AB
5224,B01AB
2603494,XXXX
5340,B05BA
5492,C05AA
5514,B03BA
5552,L01XX
5691,N06AA
5880,L03AB
6033,B05BA
6069,P02CF
6227,D02AX
6470,N05BA
202770,A07EC
202991,C03CA
203167,J01DB
204257,L01XX
748281,D05AX
1365975,J06BB
723868,B02BD
8080,XXXX
8153,C04AB
8516,S01XA
8588,XXXX
8686,N01BB
8737,B05BA
8785,N02AC
8787,C07AA
8928,A06AC
9627,XXXX
9895,C02DD
1370773,XXXX
892368,V01AA
885779,XXXX
89821,XXXX
90650,XXXX
94650,M02AB
2370867,XXXX
1592254,L04AX
541684,M05BA
67109,B01AB
899448,V01AA
891434,XXXX
1545063,N07XX
44,V03AF
103,L01BB
161,N02AJ
290,XXXX
430,P02CA
259351,XXXX
612,A02AF
620,N04BB
683,L01XD
695,XXXX
1299884,V09GX
723,J01CA
756,N06AA
1999003,C01CX
1191,N02BA
1223,A03CB
1388,P03AB
1599,XXXX
1760,N04BC
1100076,L02BX
352657,H05AA
1357536,L04AF
1866397,D04AB
60819,B01AE
57213,H03AA
6674,L01AA
6750,R02AD
2181306,XXXX
6851,L01BA
7213,R03AL
1044975,XXXX
7226,C07BA
7233,J01CF
7315,N07AA
7442,R07AX
7454,J01XE
7624,XXXX
7895,A03AD
7982,J01CE
7994,P01CX
1547545,L01FF
187832,N02BF
190283,G04CA
190465,G04BE
227518,XXXX
545290,L03AB
337525,L01EB
114228,N06AB
215672,S01ED
216420,R01AX
217115,N02BE
1098581,D11AF
219236,V03AE
219610,L04AB
220581,N02BE
221082,D02AX
224891,A01AB
224932,D02AC
224936,XXXX
700810,N06BA
131725,N05CF
588250,N06AX
1801820,S01XA
496892,J07BH
1358957,XXXX
901337,V01AA
891658,V01AA
72435,L04AC
73107,C01CX
74667,N05CF
318341,L01FE
1116632,B01AC
1302966,L01XG
282446,J02AC
283742,A02BC
486961,XXXX
282381,N02AB
282386,L01EA
1147220,L01EC
134404,G03GA
136411,G04BE
753143,M05BA
9991,J01FA
1489915,XXXX
1362878,XXXX
10368,R03CC
10454,B03AE
10510,N05AF
10528,B02BC
10553,XXXX
1305547,XXXX
10753,D10AD
10829,J01EA
11055,B01AD
1432992,XXXX
11258,A12AX
11291,XXXX
11295,V07AB
844227,G04BE
819911,S01AE
1546356,XXXX
237159,XXXX
1546357,XXXX
1593603,XXXX
232540,XXXX
1591922,XXXX
1928588,L04AC
27781,XXXX
28393,D02AX
29421,A11EX
29903,XXXX
1363051,XXXX
32385,A07EC
34372,S01CA
35406,A11JA
36345,D11AC
36676,B05XA
2118525,P02BX
659877,J07BM
644101,A16AB
284848,D11AH
1364291,XXXX
298869,C03DA
302285,C03XA
151392,J01CR
153101,D10AD
1358977,XXXX
3752,V04CX
3754,V04CX
1439114,XXXX
1316053,XXXX
1316054,XXXX
4021,G02AB
4103,G03CA
4135,N03AD
4182,XXXX
4385,B02BC
4441,C01BC
4508,L02BB
4511,A11JC
4608,XXXX
4617,XXXX
4719,C10AB
1439028,XXXX
5021,D01BA
5095,XXXX
4254,B02BD
1992,M02AC
2187,J01DC
2194,J01DC
1318474,XXXX
2496,XXXX
1318475,XXXX
2685,C10AC
2471083,XXXX
2837,XXXX
3194,XXXX
3384,P02CB
3407,C01AA
3445,V03AB
3478,G02AD
798304,J07AM
3639,L01DB
3640,J01AA
1306128,XXXX
1242806,XXXX
41144,XXXX
50121,R01AD
54536,A07BB
261440,A02BC
261633,J05AH
262105,L02BG
1193332,L01EJ
16521,J05AF
1425216,XXXX
17128,A02BC
17276,C03EA
18747,A07EC
19044,XXXX
19143,A11JB
21090,D01AE
1368153,XXXX
1426884,XXXX
24898,XXXX
1594675,V03AE
1363047,XXXX
12574,L01BC
753340,A16AX
15657,L01BC
1358965,XXXX
125929,XXXX
474128,J05AF
60207,S01EC
82084,C07AA
80773,L01DB
1537034,B01AC
316982,XXXX
317825,XXXX
411,XXXX
5521,P01BA
5640,N02AJ
5657,L01AA
5933,D08AG
5975,XXXX
6211,XXXX
6218,A06AD
6400,A11JC
2045613,N02CD
202634,B03BB
203001,N07AA
203191,C07BB
203197,J01RA
203358,N02AA
203658,H01BA
203808,N07BA
993449,M05BX
636556,N07BB
735866,L01EA
1876366,L04AG
404872,L04AX
1363919,XXXX
1858554,XXXX
8156,B05BA
8163,R05FA
8183,N03AB
8410,B01AD
8610,S01XA
8611,D09AA
8628,P02BA
8687,P01BA
1426890,XXXX
1362877,XXXX
8794,H03BA
9010,P01BD
9601,A03CB
1311214,XXXX
9863,R01AX
9873,A01AA
90249,XXXX
1546394,XXXX
91058,XXXX
85248,A03AE
591781,L04AJ
67108,B01AB
1316105,L01XL
898496,M09AB
1311137,XXXX
873,D05AC
1043,N04BC
1889,H05BX
1895,XXXX
353099,C10AX
979293,M02AX
996180,G04BE
1592737,L01EX
356761,V03AE
1863556,M09AX
1871435,N02AA
1291307,G04BE
1302971,L01XG
57308,L01CE
1307298,L02BB
1372703,XXXX
1487534,XXXX
6628,B05BC
6769,XXXX
6964,G03XB
7094,XXXX
7258,M01AE
7288,XXXX
7712,XXXX
7813,A14AA
7909,XXXX
7973,C07AA
7992,XXXX
1455099,N06AX
175184,N02BE
190521,J05AR
1546380,XXXX
1720597,R03DX
795807,A09AA
320864,C10AA
321988,N06AB
1940635,XXXX
215407,H03AA
216221,C07AG
216891,L04AB
218402,N04BC
1233762,A07BB
219462,G04CB
219602,N07AA
846950,D10AD
220145,A16AX
220991,L01AD
221047,XXXX
687078,N02BE
692988,XXXX
711043,N06BA
1856271,XXXX
346288,XXXX
2110605,B01AX
126291,XXXX
1544460,L01EM
77492,G04CA
847083,L04AC
613391,B01AC
596723,C10AA
139462,J01MA
1659157,C10AX
1670383,B02BD
1716523,XXXX
2047232,L04AF
1311275,XXXX
10159,XXXX
10223,D10AF
10759,D07AB
10767,N05CD
10811,N04AA
1667702,XXXX
11170,C08DA
11274,B02BD
1423459,D08AG
1432023,A11JA
196459,N01AX
196476,G04CB
196495,A07EC
1094833,L01FX
819300,L04AB
236665,XXXX
237125,V03AE
1655922,XXXX
1599793,L04AC
797752,J07BC
1596928,XXXX
1305579,XXXX
1111103,A07AA
1038905,A01AA
30125,N06BA
30145,D07XC
31819,P01AX
1309250,XXXX
32638,D01AC
32937,N06AB
33199,P03AC
968170,C05BB
35302,L04AH
35623,N07XX
35829,C01EB
37859,G03BA
38298,G01AF
39541,L01CA
660890,V03AE
658708,B06AC
284704,N06BA
284924,XXXX
287578,J07BK
299635,XXXX
1091836,R03DX
151317,C03DA
153266,B02BD
153974,XXXX
1316581,XXXX
596205,N05CH
3820,XXXX
4023,XXXX
4100,XXXX
1356715,XXXX
4177,N01AX
4278,A02BA
1311506,XXXX
4256,B02BD
619693,J05AH
1492727,L04AA
2383337,XXXX
2116,S01ED
1440974,XXXX
2129,A06AB
2186,J01DD
2323,XXXX
2358,D08AC
2447,C10AC
2582,J01FF
2590,D07AD
2597,N06AA
2635,D05AA
1310300,XXXX
2653,N01BC
2672,R05DA
3024,B05BA
3036,XXXX
3098,L01AX
3289,R05FA
3347,XXXX
3356,J01CF
3626,A03FA
3638,N06AA
3690,XXXX
397392,G04BD
1370971,G03XC
1723735,L01XG
40169,C01BG
41289,C01BD
41397,A09AA
42368,C01BC
1368364,XXXX
42463,C10AA
42676,N02CA
54214,XXXX
831418,XXXX
40790,A02BC
833136,N06AX
261530,L04AD
1044552,A01AA
274535,R03BB
1363610,XXXX
1358901,XXXX
1242799,R01AD
16818,D05BB
17767,C09DX
19831,A07EA
1373478,L04AX
1310572,XXXX
24947,B03AA
1426906,XXXX
14845,S01EA
15996,N06AX
24246,XXXX
1788846,XXXX
1087965,G03DA
82728,N06AB
82828,L03AB
83156,A02BC
892547,V01AA
1367125,XXXX
482574,N06AX
68442,L03AA
69749,C09CA
6099,A07AA
1314891,XXXX
6260,XXXX
6371,P02CE
6384,V04CM
1491871,XXXX
6472,C10AA
6582,A11JB
259453,N01BB
